index_id,filename,source_id,age,gender,race,timestamp
1,5_1_0_20170109191741223.jpg.chip.jpg,5_1_0_20170109191741223.jpg.chip.jpg,5,1,0,20170109191741223.jpg.chip.jpg
2,2_1_4_20170103205101618.jpg.chip.jpg,2_1_4_20170103205101618.jpg.chip.jpg,2,1,4,20170103205101618.jpg.chip.jpg
3,1_1_2_20161219200119571.jpg.chip.jpg,1_1_2_20161219200119571.jpg.chip.jpg,1,1,2,20161219200119571.jpg.chip.jpg
4,3_1_1_20170109194619954.jpg.chip.jpg,3_1_1_20170109194619954.jpg.chip.jpg,3,1,1,20170109194619954.jpg.chip.jpg
5,2_0_2_20161219162132342.jpg.chip.jpg,2_0_2_20161219162132342.jpg.chip.jpg,2,0,2,20161219162132342.jpg.chip.jpg
6,10_0_0_20170103200522151.jpg.chip.jpg,10_0_0_20170103200522151.jpg.chip.jpg,10,0,0,20170103200522151.jpg.chip.jpg
7,7_1_0_20170109200828410.jpg.chip.jpg,7_1_0_20170109200828410.jpg.chip.jpg,7,1,0,20170109200828410.jpg.chip.jpg
8,4_0_3_20161220145136351.jpg.chip.jpg,4_0_3_20161220145136351.jpg.chip.jpg,4,0,3,20161220145136351.jpg.chip.jpg
9,4_0_4_20161221193320742.jpg.chip.jpg,4_0_4_20161221193320742.jpg.chip.jpg,4,0,4,20161221193320742.jpg.chip.jpg
10,10_1_0_20170109205134282.jpg.chip.jpg,10_1_0_20170109205134282.jpg.chip.jpg,10,1,0,20170109205134282.jpg.chip.jpg
11,4_1_0_20170109193102653.jpg.chip.jpg,4_1_0_20170109193102653.jpg.chip.jpg,4,1,0,20170109193102653.jpg.chip.jpg
12,3_0_0_20170110212855714.jpg.chip.jpg,3_0_0_20170110212855714.jpg.chip.jpg,3,0,0,20170110212855714.jpg.chip.jpg
13,6_1_0_20170109201058867.jpg.chip.jpg,6_1_0_20170109201058867.jpg.chip.jpg,6,1,0,20170109201058867.jpg.chip.jpg
14,10_1_0_20161220222001459.jpg.chip.jpg,10_1_0_20161220222001459.jpg.chip.jpg,10,1,0,20161220222001459.jpg.chip.jpg
15,1_0_2_20161219202914180.jpg.chip.jpg,1_0_2_20161219202914180.jpg.chip.jpg,1,0,2,20161219202914180.jpg.chip.jpg
16,8_1_0_20170117175943380.jpg.chip.jpg,8_1_0_20170117175943380.jpg.chip.jpg,8,1,0,20170117175943380.jpg.chip.jpg
17,8_1_2_20161219153017828.jpg.chip.jpg,8_1_2_20161219153017828.jpg.chip.jpg,8,1,2,20161219153017828.jpg.chip.jpg
18,1_1_0_20161219204750596.jpg.chip.jpg,1_1_0_20161219204750596.jpg.chip.jpg,1,1,0,20161219204750596.jpg.chip.jpg
19,10_1_0_20170109204338404.jpg.chip.jpg,10_1_0_20170109204338404.jpg.chip.jpg,10,1,0,20170109204338404.jpg.chip.jpg
20,3_1_0_20170109192130439.jpg.chip.jpg,3_1_0_20170109192130439.jpg.chip.jpg,3,1,0,20170109192130439.jpg.chip.jpg
21,3_0_3_20161220145012367.jpg.chip.jpg,3_0_3_20161220145012367.jpg.chip.jpg,3,0,3,20161220145012367.jpg.chip.jpg
22,2_1_2_20161219212252310.jpg.chip.jpg,2_1_2_20161219212252310.jpg.chip.jpg,2,1,2,20161219212252310.jpg.chip.jpg
23,2_0_2_20161219195745171.jpg.chip.jpg,2_0_2_20161219195745171.jpg.chip.jpg,2,0,2,20161219195745171.jpg.chip.jpg
24,3_1_0_20170109193129215.jpg.chip.jpg,3_1_0_20170109193129215.jpg.chip.jpg,3,1,0,20170109193129215.jpg.chip.jpg
25,6_1_0_20170109204600139.jpg.chip.jpg,6_1_0_20170109204600139.jpg.chip.jpg,6,1,0,20170109204600139.jpg.chip.jpg
26,7_1_4_20170103212641884.jpg.chip.jpg,7_1_4_20170103212641884.jpg.chip.jpg,7,1,4,20170103212641884.jpg.chip.jpg
27,2_0_2_20161219204927996.jpg.chip.jpg,2_0_2_20161219204927996.jpg.chip.jpg,2,0,2,20161219204927996.jpg.chip.jpg
28,9_0_2_20170110215503716.jpg.chip.jpg,9_0_2_20170110215503716.jpg.chip.jpg,9,0,2,20170110215503716.jpg.chip.jpg
29,10_0_0_20161220222308131.jpg.chip.jpg,10_0_0_20161220222308131.jpg.chip.jpg,10,0,0,20161220222308131.jpg.chip.jpg
30,5_0_4_20161221200001464.jpg.chip.jpg,5_0_4_20161221200001464.jpg.chip.jpg,5,0,4,20161221200001464.jpg.chip.jpg
31,5_1_0_20170109193708669.jpg.chip.jpg,5_1_0_20170109193708669.jpg.chip.jpg,5,1,0,20170109193708669.jpg.chip.jpg
32,7_0_0_20170110215620675.jpg.chip.jpg,7_0_0_20170110215620675.jpg.chip.jpg,7,0,0,20170110215620675.jpg.chip.jpg
33,7_0_4_20170103205144794.jpg.chip.jpg,7_0_4_20170103205144794.jpg.chip.jpg,7,0,4,20170103205144794.jpg.chip.jpg
34,1_0_1_20170110213647161.jpg.chip.jpg,1_0_1_20170110213647161.jpg.chip.jpg,1,0,1,20170110213647161.jpg.chip.jpg
35,5_1_0_20170109191938064.jpg.chip.jpg,5_1_0_20170109191938064.jpg.chip.jpg,5,1,0,20170109191938064.jpg.chip.jpg
36,2_0_2_20161219204037716.jpg.chip.jpg,2_0_2_20161219204037716.jpg.chip.jpg,2,0,2,20161219204037716.jpg.chip.jpg
37,8_1_0_20170109204910999.jpg.chip.jpg,8_1_0_20170109204910999.jpg.chip.jpg,8,1,0,20170109204910999.jpg.chip.jpg
38,4_0_2_20161220220440489.jpg.chip.jpg,4_0_2_20161220220440489.jpg.chip.jpg,4,0,2,20161220220440489.jpg.chip.jpg
39,8_1_0_20170109200833660.jpg.chip.jpg,8_1_0_20170109200833660.jpg.chip.jpg,8,1,0,20170109200833660.jpg.chip.jpg
40,6_1_0_20170109202302115.jpg.chip.jpg,6_1_0_20170109202302115.jpg.chip.jpg,6,1,0,20170109202302115.jpg.chip.jpg
41,6_1_0_20170109194218239.jpg.chip.jpg,6_1_0_20170109194218239.jpg.chip.jpg,6,1,0,20170109194218239.jpg.chip.jpg
42,7_1_4_20161221202624721.jpg.chip.jpg,7_1_4_20161221202624721.jpg.chip.jpg,7,1,4,20161221202624721.jpg.chip.jpg
43,1_1_0_20170109190455518.jpg.chip.jpg,1_1_0_20170109190455518.jpg.chip.jpg,1,1,0,20170109190455518.jpg.chip.jpg
44,10_0_0_20170103233459275.jpg.chip.jpg,10_0_0_20170103233459275.jpg.chip.jpg,10,0,0,20170103233459275.jpg.chip.jpg
45,10_0_4_20170103200335831.jpg.chip.jpg,10_0_4_20170103200335831.jpg.chip.jpg,10,0,4,20170103200335831.jpg.chip.jpg
46,3_1_0_20170109192750346.jpg.chip.jpg,3_1_0_20170109192750346.jpg.chip.jpg,3,1,0,20170109192750346.jpg.chip.jpg
47,4_0_3_20161220220742914.jpg.chip.jpg,4_0_3_20161220220742914.jpg.chip.jpg,4,0,3,20161220220742914.jpg.chip.jpg
48,5_1_0_20170109202322291.jpg.chip.jpg,5_1_0_20170109202322291.jpg.chip.jpg,5,1,0,20170109202322291.jpg.chip.jpg
49,3_0_0_20170110212754904.jpg.chip.jpg,3_0_0_20170110212754904.jpg.chip.jpg,3,0,0,20170110212754904.jpg.chip.jpg
50,3_0_2_20161219204644036.jpg.chip.jpg,3_0_2_20161219204644036.jpg.chip.jpg,3,0,2,20161219204644036.jpg.chip.jpg
51,4_0_0_20170110213408453.jpg.chip.jpg,4_0_0_20170110213408453.jpg.chip.jpg,4,0,0,20170110213408453.jpg.chip.jpg
52,5_1_0_20170109194229104.jpg.chip.jpg,5_1_0_20170109194229104.jpg.chip.jpg,5,1,0,20170109194229104.jpg.chip.jpg
53,2_0_0_20170110212852343.jpg.chip.jpg,2_0_0_20170110212852343.jpg.chip.jpg,2,0,0,20170110212852343.jpg.chip.jpg
54,9_0_0_20170110220134026.jpg.chip.jpg,9_0_0_20170110220134026.jpg.chip.jpg,9,0,0,20170110220134026.jpg.chip.jpg
55,7_0_0_20170110225211960.jpg.chip.jpg,7_0_0_20170110225211960.jpg.chip.jpg,7,0,0,20170110225211960.jpg.chip.jpg
56,3_0_2_20161219204727005.jpg.chip.jpg,3_0_2_20161219204727005.jpg.chip.jpg,3,0,2,20161219204727005.jpg.chip.jpg
57,9_0_0_20170110220339426.jpg.chip.jpg,9_0_0_20170110220339426.jpg.chip.jpg,9,0,0,20170110220339426.jpg.chip.jpg
58,2_0_3_20161220222446715.jpg.chip.jpg,2_0_3_20161220222446715.jpg.chip.jpg,2,0,3,20161220222446715.jpg.chip.jpg
59,1_0_3_20161220144429119.jpg.chip.jpg,1_0_3_20161220144429119.jpg.chip.jpg,1,0,3,20161220144429119.jpg.chip.jpg
60,2_0_0_20161219154439741.jpg.chip.jpg,2_0_0_20161219154439741.jpg.chip.jpg,2,0,0,20161219154439741.jpg.chip.jpg
61,8_0_0_20170110215948795.jpg.chip.jpg,8_0_0_20170110215948795.jpg.chip.jpg,8,0,0,20170110215948795.jpg.chip.jpg
62,10_1_0_20170109204844109.jpg.chip.jpg,10_1_0_20170109204844109.jpg.chip.jpg,10,1,0,20170109204844109.jpg.chip.jpg
63,10_1_0_20170109203438428.jpg.chip.jpg,10_1_0_20170109203438428.jpg.chip.jpg,10,1,0,20170109203438428.jpg.chip.jpg
64,6_1_4_20161221200321777.jpg.chip.jpg,6_1_4_20161221200321777.jpg.chip.jpg,6,1,4,20161221200321777.jpg.chip.jpg
65,1_1_0_20170109190935139.jpg.chip.jpg,1_1_0_20170109190935139.jpg.chip.jpg,1,1,0,20170109190935139.jpg.chip.jpg
66,10_0_0_20170110220235233.jpg.chip.jpg,10_0_0_20170110220235233.jpg.chip.jpg,10,0,0,20170110220235233.jpg.chip.jpg
67,5_1_2_20161219163010238.jpg.chip.jpg,5_1_2_20161219163010238.jpg.chip.jpg,5,1,2,20161219163010238.jpg.chip.jpg
68,2_1_0_20170117192801580.jpg.chip.jpg,2_1_0_20170117192801580.jpg.chip.jpg,2,1,0,20170117192801580.jpg.chip.jpg
69,3_0_2_20161219142512185.jpg.chip.jpg,3_0_2_20161219142512185.jpg.chip.jpg,3,0,2,20161219142512185.jpg.chip.jpg
70,1_0_2_20161219212516942.jpg.chip.jpg,1_0_2_20161219212516942.jpg.chip.jpg,1,0,2,20161219212516942.jpg.chip.jpg
71,2_0_4_20161221195159831.jpg.chip.jpg,2_0_4_20161221195159831.jpg.chip.jpg,2,0,4,20161221195159831.jpg.chip.jpg
72,2_0_0_20170110225218837.jpg.chip.jpg,2_0_0_20170110225218837.jpg.chip.jpg,2,0,0,20170110225218837.jpg.chip.jpg
73,1_1_0_20170109191156705.jpg.chip.jpg,1_1_0_20170109191156705.jpg.chip.jpg,1,1,0,20170109191156705.jpg.chip.jpg
74,1_1_2_20161219221241583.jpg.chip.jpg,1_1_2_20161219221241583.jpg.chip.jpg,1,1,2,20161219221241583.jpg.chip.jpg
75,7_1_0_20170109192242639.jpg.chip.jpg,7_1_0_20170109192242639.jpg.chip.jpg,7,1,0,20170109192242639.jpg.chip.jpg
76,1_0_3_20161220220544050.jpg.chip.jpg,1_0_3_20161220220544050.jpg.chip.jpg,1,0,3,20161220220544050.jpg.chip.jpg
77,10_0_0_20170110225246490.jpg.chip.jpg,10_0_0_20170110225246490.jpg.chip.jpg,10,0,0,20170110225246490.jpg.chip.jpg
78,10_0_4_20170103201924664.jpg.chip.jpg,10_0_4_20170103201924664.jpg.chip.jpg,10,0,4,20170103201924664.jpg.chip.jpg
79,2_0_0_20170109194104628.jpg.chip.jpg,2_0_0_20170109194104628.jpg.chip.jpg,2,0,0,20170109194104628.jpg.chip.jpg
80,2_1_2_20161219204046924.jpg.chip.jpg,2_1_2_20161219204046924.jpg.chip.jpg,2,1,2,20161219204046924.jpg.chip.jpg
81,3_1_4_20170103205114064.jpg.chip.jpg,3_1_4_20170103205114064.jpg.chip.jpg,3,1,4,20170103205114064.jpg.chip.jpg
82,3_1_0_20170109194109844.jpg.chip.jpg,3_1_0_20170109194109844.jpg.chip.jpg,3,1,0,20170109194109844.jpg.chip.jpg
83,1_0_3_20161219225021361.jpg.chip.jpg,1_0_3_20161219225021361.jpg.chip.jpg,1,0,3,20161219225021361.jpg.chip.jpg
84,7_1_0_20170109205356415.jpg.chip.jpg,7_1_0_20170109205356415.jpg.chip.jpg,7,1,0,20170109205356415.jpg.chip.jpg
85,2_1_4_20161221195444552.jpg.chip.jpg,2_1_4_20161221195444552.jpg.chip.jpg,2,1,4,20161221195444552.jpg.chip.jpg
86,2_0_3_20161219225201960.jpg.chip.jpg,2_0_3_20161219225201960.jpg.chip.jpg,2,0,3,20161219225201960.jpg.chip.jpg
87,2_1_0_20170109192428145.jpg.chip.jpg,2_1_0_20170109192428145.jpg.chip.jpg,2,1,0,20170109192428145.jpg.chip.jpg
88,1_1_1_20161219155940125.jpg.chip.jpg,1_1_1_20161219155940125.jpg.chip.jpg,1,1,1,20161219155940125.jpg.chip.jpg
89,9_1_0_20170109202228755.jpg.chip.jpg,9_1_0_20170109202228755.jpg.chip.jpg,9,1,0,20170109202228755.jpg.chip.jpg
90,1_0_0_20170110212907649.jpg.chip.jpg,1_0_0_20170110212907649.jpg.chip.jpg,1,0,0,20170110212907649.jpg.chip.jpg
91,6_1_1_20161220220430595.jpg.chip.jpg,6_1_1_20161220220430595.jpg.chip.jpg,6,1,1,20161220220430595.jpg.chip.jpg
92,9_0_0_20170110224351698.jpg.chip.jpg,9_0_0_20170110224351698.jpg.chip.jpg,9,0,0,20170110224351698.jpg.chip.jpg
93,7_1_1_20170109201647377.jpg.chip.jpg,7_1_1_20170109201647377.jpg.chip.jpg,7,1,1,20170109201647377.jpg.chip.jpg
94,3_1_0_20170109192746527.jpg.chip.jpg,3_1_0_20170109192746527.jpg.chip.jpg,3,1,0,20170109192746527.jpg.chip.jpg
95,5_1_0_20161219153649716.jpg.chip.jpg,5_1_0_20161219153649716.jpg.chip.jpg,5,1,0,20161219153649716.jpg.chip.jpg
96,7_1_3_20161220222033539.jpg.chip.jpg,7_1_3_20161220222033539.jpg.chip.jpg,7,1,3,20161220222033539.jpg.chip.jpg
97,2_1_0_20170109193339281.jpg.chip.jpg,2_1_0_20170109193339281.jpg.chip.jpg,2,1,0,20170109193339281.jpg.chip.jpg
98,8_1_2_20161219163614671.jpg.chip.jpg,8_1_2_20161219163614671.jpg.chip.jpg,8,1,2,20161219163614671.jpg.chip.jpg
99,9_1_0_20170110224621441.jpg.chip.jpg,9_1_0_20170110224621441.jpg.chip.jpg,9,1,0,20170110224621441.jpg.chip.jpg
100,2_1_1_20170109194651472.jpg.chip.jpg,2_1_1_20170109194651472.jpg.chip.jpg,2,1,1,20170109194651472.jpg.chip.jpg
101,7_0_0_20170110215648859.jpg.chip.jpg,7_0_0_20170110215648859.jpg.chip.jpg,7,0,0,20170110215648859.jpg.chip.jpg
102,8_0_3_20161220222825331.jpg.chip.jpg,8_0_3_20161220222825331.jpg.chip.jpg,8,0,3,20161220222825331.jpg.chip.jpg
103,7_1_0_20170109204120279.jpg.chip.jpg,7_1_0_20170109204120279.jpg.chip.jpg,7,1,0,20170109204120279.jpg.chip.jpg
104,4_1_2_20161219204902988.jpg.chip.jpg,4_1_2_20161219204902988.jpg.chip.jpg,4,1,2,20161219204902988.jpg.chip.jpg
105,8_0_0_20170110215559811.jpg.chip.jpg,8_0_0_20170110215559811.jpg.chip.jpg,8,0,0,20170110215559811.jpg.chip.jpg
106,9_0_0_20170110220625994.jpg.chip.jpg,9_0_0_20170110220625994.jpg.chip.jpg,9,0,0,20170110220625994.jpg.chip.jpg
107,4_0_3_20161220223111195.jpg.chip.jpg,4_0_3_20161220223111195.jpg.chip.jpg,4,0,3,20161220223111195.jpg.chip.jpg
108,7_1_3_20161220222848971.jpg.chip.jpg,7_1_3_20161220222848971.jpg.chip.jpg,7,1,3,20161220222848971.jpg.chip.jpg
109,4_1_1_20170109194638149.jpg.chip.jpg,4_1_1_20170109194638149.jpg.chip.jpg,4,1,1,20170109194638149.jpg.chip.jpg
110,10_1_0_20170109202346880.jpg.chip.jpg,10_1_0_20170109202346880.jpg.chip.jpg,10,1,0,20170109202346880.jpg.chip.jpg
111,6_0_0_20170110224301470.jpg.chip.jpg,6_0_0_20170110224301470.jpg.chip.jpg,6,0,0,20170110224301470.jpg.chip.jpg
112,3_1_0_20170110213238474.jpg.chip.jpg,3_1_0_20170110213238474.jpg.chip.jpg,3,1,0,20170110213238474.jpg.chip.jpg
113,10_1_0_20170109203556029.jpg.chip.jpg,10_1_0_20170109203556029.jpg.chip.jpg,10,1,0,20170109203556029.jpg.chip.jpg
114,7_1_3_20161220222848259.jpg.chip.jpg,7_1_3_20161220222848259.jpg.chip.jpg,7,1,3,20161220222848259.jpg.chip.jpg
115,6_1_2_20161219200113379.jpg.chip.jpg,6_1_2_20161219200113379.jpg.chip.jpg,6,1,2,20161219200113379.jpg.chip.jpg
116,4_0_0_20170110213526716.jpg.chip.jpg,4_0_0_20170110213526716.jpg.chip.jpg,4,0,0,20170110213526716.jpg.chip.jpg
117,7_1_0_20170109203621621.jpg.chip.jpg,7_1_0_20170109203621621.jpg.chip.jpg,7,1,0,20170109203621621.jpg.chip.jpg
118,10_1_0_20170109203608654.jpg.chip.jpg,10_1_0_20170109203608654.jpg.chip.jpg,10,1,0,20170109203608654.jpg.chip.jpg
119,9_0_0_20170110225508509.jpg.chip.jpg,9_0_0_20170110225508509.jpg.chip.jpg,9,0,0,20170110225508509.jpg.chip.jpg
120,10_1_1_20170109203520178.jpg.chip.jpg,10_1_1_20170109203520178.jpg.chip.jpg,10,1,1,20170109203520178.jpg.chip.jpg
121,2_0_0_20170110212905173.jpg.chip.jpg,2_0_0_20170110212905173.jpg.chip.jpg,2,0,0,20170110212905173.jpg.chip.jpg
122,8_0_0_20170110225017437.jpg.chip.jpg,8_0_0_20170110225017437.jpg.chip.jpg,8,0,0,20170110225017437.jpg.chip.jpg
123,2_0_4_20161221202918296.jpg.chip.jpg,2_0_4_20161221202918296.jpg.chip.jpg,2,0,4,20161221202918296.jpg.chip.jpg
124,9_0_0_20170110220442681.jpg.chip.jpg,9_0_0_20170110220442681.jpg.chip.jpg,9,0,0,20170110220442681.jpg.chip.jpg
125,1_1_0_20170109190516994.jpg.chip.jpg,1_1_0_20170109190516994.jpg.chip.jpg,1,1,0,20170109190516994.jpg.chip.jpg
126,8_1_2_20170109203442372.jpg.chip.jpg,8_1_2_20170109203442372.jpg.chip.jpg,8,1,2,20170109203442372.jpg.chip.jpg
127,3_1_3_20161220220632050.jpg.chip.jpg,3_1_3_20161220220632050.jpg.chip.jpg,3,1,3,20161220220632050.jpg.chip.jpg
128,9_0_0_20170110215514548.jpg.chip.jpg,9_0_0_20170110215514548.jpg.chip.jpg,9,0,0,20170110215514548.jpg.chip.jpg
129,1_0_0_20170110213448015.jpg.chip.jpg,1_0_0_20170110213448015.jpg.chip.jpg,1,0,0,20170110213448015.jpg.chip.jpg
130,8_1_0_20170109202720967.jpg.chip.jpg,8_1_0_20170109202720967.jpg.chip.jpg,8,1,0,20170109202720967.jpg.chip.jpg
131,1_1_0_20161220142938007.jpg.chip.jpg,1_1_0_20161220142938007.jpg.chip.jpg,1,1,0,20161220142938007.jpg.chip.jpg
132,10_0_0_20170110221719390.jpg.chip.jpg,10_0_0_20170110221719390.jpg.chip.jpg,10,0,0,20170110221719390.jpg.chip.jpg
133,7_0_0_20170110224332642.jpg.chip.jpg,7_0_0_20170110224332642.jpg.chip.jpg,7,0,0,20170110224332642.jpg.chip.jpg
134,9_1_0_20170104013159819.jpg.chip.jpg,9_1_0_20170104013159819.jpg.chip.jpg,9,1,0,20170104013159819.jpg.chip.jpg
135,8_0_4_20170103200427437.jpg.chip.jpg,8_0_4_20170103200427437.jpg.chip.jpg,8,0,4,20170103200427437.jpg.chip.jpg
136,1_1_4_20161221193742646.jpg.chip.jpg,1_1_4_20161221193742646.jpg.chip.jpg,1,1,4,20161221193742646.jpg.chip.jpg
137,5_1_0_20170109193852084.jpg.chip.jpg,5_1_0_20170109193852084.jpg.chip.jpg,5,1,0,20170109193852084.jpg.chip.jpg
138,1_1_0_20170109190846125.jpg.chip.jpg,1_1_0_20170109190846125.jpg.chip.jpg,1,1,0,20170109190846125.jpg.chip.jpg
139,10_1_0_20170109203427416.jpg.chip.jpg,10_1_0_20170109203427416.jpg.chip.jpg,10,1,0,20170109203427416.jpg.chip.jpg
140,5_1_3_20170119151512160.jpg.chip.jpg,5_1_3_20170119151512160.jpg.chip.jpg,5,1,3,20170119151512160.jpg.chip.jpg
141,4_1_2_20161219154653077.jpg.chip.jpg,4_1_2_20161219154653077.jpg.chip.jpg,4,1,2,20161219154653077.jpg.chip.jpg
142,5_0_0_20170110213420350.jpg.chip.jpg,5_0_0_20170110213420350.jpg.chip.jpg,5,0,0,20170110213420350.jpg.chip.jpg
143,2_1_2_20161219213559615.jpg.chip.jpg,2_1_2_20161219213559615.jpg.chip.jpg,2,1,2,20161219213559615.jpg.chip.jpg
144,8_1_0_20170109204920415.jpg.chip.jpg,8_1_0_20170109204920415.jpg.chip.jpg,8,1,0,20170109204920415.jpg.chip.jpg
145,1_0_3_20161219224423280.jpg.chip.jpg,1_0_3_20161219224423280.jpg.chip.jpg,1,0,3,20161219224423280.jpg.chip.jpg
146,2_1_2_20161219192330594.jpg.chip.jpg,2_1_2_20161219192330594.jpg.chip.jpg,2,1,2,20161219192330594.jpg.chip.jpg
147,7_1_2_20161219141129768.jpg.chip.jpg,7_1_2_20161219141129768.jpg.chip.jpg,7,1,2,20161219141129768.jpg.chip.jpg
148,5_1_0_20170109194001467.jpg.chip.jpg,5_1_0_20170109194001467.jpg.chip.jpg,5,1,0,20170109194001467.jpg.chip.jpg
149,3_1_0_20170109192027975.jpg.chip.jpg,3_1_0_20170109192027975.jpg.chip.jpg,3,1,0,20170109192027975.jpg.chip.jpg
150,1_1_2_20170109193557242.jpg.chip.jpg,1_1_2_20170109193557242.jpg.chip.jpg,1,1,2,20170109193557242.jpg.chip.jpg
151,4_0_0_20170110213229910.jpg.chip.jpg,4_0_0_20170110213229910.jpg.chip.jpg,4,0,0,20170110213229910.jpg.chip.jpg
152,1_0_2_20161219141758721.jpg.chip.jpg,1_0_2_20161219141758721.jpg.chip.jpg,1,0,2,20161219141758721.jpg.chip.jpg
153,1_0_0_20170110212733875.jpg.chip.jpg,1_0_0_20170110212733875.jpg.chip.jpg,1,0,0,20170110212733875.jpg.chip.jpg
154,4_1_0_20170109192742824.jpg.chip.jpg,4_1_0_20170109192742824.jpg.chip.jpg,4,1,0,20170109192742824.jpg.chip.jpg
155,1_1_4_20161221192629892.jpg.chip.jpg,1_1_4_20161221192629892.jpg.chip.jpg,1,1,4,20161221192629892.jpg.chip.jpg
156,4_1_2_20161219142735921.jpg.chip.jpg,4_1_2_20161219142735921.jpg.chip.jpg,4,1,2,20161219142735921.jpg.chip.jpg
157,4_1_3_20161220220636202.jpg.chip.jpg,4_1_3_20161220220636202.jpg.chip.jpg,4,1,3,20161220220636202.jpg.chip.jpg
158,2_0_0_20170110213507337.jpg.chip.jpg,2_0_0_20170110213507337.jpg.chip.jpg,2,0,0,20170110213507337.jpg.chip.jpg
159,9_0_0_20170110224305302.jpg.chip.jpg,9_0_0_20170110224305302.jpg.chip.jpg,9,0,0,20170110224305302.jpg.chip.jpg
160,5_1_0_20170109201733901.jpg.chip.jpg,5_1_0_20170109201733901.jpg.chip.jpg,5,1,0,20170109201733901.jpg.chip.jpg
161,1_0_4_20161221192555965.jpg.chip.jpg,1_0_4_20161221192555965.jpg.chip.jpg,1,0,4,20161221192555965.jpg.chip.jpg
162,4_0_3_20161220220738826.jpg.chip.jpg,4_0_3_20161220220738826.jpg.chip.jpg,4,0,3,20161220220738826.jpg.chip.jpg
163,8_1_3_20161220220229729.jpg.chip.jpg,8_1_3_20161220220229729.jpg.chip.jpg,8,1,3,20161220220229729.jpg.chip.jpg
164,8_1_0_20170109202748999.jpg.chip.jpg,8_1_0_20170109202748999.jpg.chip.jpg,8,1,0,20170109202748999.jpg.chip.jpg
165,1_1_1_20170109190848182.jpg.chip.jpg,1_1_1_20170109190848182.jpg.chip.jpg,1,1,1,20170109190848182.jpg.chip.jpg
166,2_1_3_20161219225432608.jpg.chip.jpg,2_1_3_20161219225432608.jpg.chip.jpg,2,1,3,20161219225432608.jpg.chip.jpg
167,1_1_0_20170109194143550.jpg.chip.jpg,1_1_0_20170109194143550.jpg.chip.jpg,1,1,0,20170109194143550.jpg.chip.jpg
168,8_1_0_20170109203433105.jpg.chip.jpg,8_1_0_20170109203433105.jpg.chip.jpg,8,1,0,20170109203433105.jpg.chip.jpg
169,1_1_2_20161219194655428.jpg.chip.jpg,1_1_2_20161219194655428.jpg.chip.jpg,1,1,2,20161219194655428.jpg.chip.jpg
170,10_0_0_20170110225035898.jpg.chip.jpg,10_0_0_20170110225035898.jpg.chip.jpg,10,0,0,20170110225035898.jpg.chip.jpg
171,8_0_0_20170110215342047.jpg.chip.jpg,8_0_0_20170110215342047.jpg.chip.jpg,8,0,0,20170110215342047.jpg.chip.jpg
172,1_1_0_20170109192729677.jpg.chip.jpg,1_1_0_20170109192729677.jpg.chip.jpg,1,1,0,20170109192729677.jpg.chip.jpg
173,5_0_3_20161220222937859.jpg.chip.jpg,5_0_3_20161220222937859.jpg.chip.jpg,5,0,3,20161220222937859.jpg.chip.jpg
174,8_1_0_20170109202926726.jpg.chip.jpg,8_1_0_20170109202926726.jpg.chip.jpg,8,1,0,20170109202926726.jpg.chip.jpg
175,1_1_0_20170109192159501.jpg.chip.jpg,1_1_0_20170109192159501.jpg.chip.jpg,1,1,0,20170109192159501.jpg.chip.jpg
176,2_0_2_20161219212035798.jpg.chip.jpg,2_0_2_20161219212035798.jpg.chip.jpg,2,0,2,20161219212035798.jpg.chip.jpg
177,7_0_2_20161219190141683.jpg.chip.jpg,7_0_2_20161219190141683.jpg.chip.jpg,7,0,2,20161219190141683.jpg.chip.jpg
178,5_0_3_20161220220613177.jpg.chip.jpg,5_0_3_20161220220613177.jpg.chip.jpg,5,0,3,20161220220613177.jpg.chip.jpg
179,1_1_0_20170109191023360.jpg.chip.jpg,1_1_0_20170109191023360.jpg.chip.jpg,1,1,0,20170109191023360.jpg.chip.jpg
180,5_0_0_20170110212804775.jpg.chip.jpg,5_0_0_20170110212804775.jpg.chip.jpg,5,0,0,20170110212804775.jpg.chip.jpg
181,8_0_0_20170110220610016.jpg.chip.jpg,8_0_0_20170110220610016.jpg.chip.jpg,8,0,0,20170110220610016.jpg.chip.jpg
182,1_1_1_20170109194545320.jpg.chip.jpg,1_1_1_20170109194545320.jpg.chip.jpg,1,1,1,20170109194545320.jpg.chip.jpg
183,1_1_3_20161220220708394.jpg.chip.jpg,1_1_3_20161220220708394.jpg.chip.jpg,1,1,3,20161220220708394.jpg.chip.jpg
184,3_1_0_20170109192346475.jpg.chip.jpg,3_1_0_20170109192346475.jpg.chip.jpg,3,1,0,20170109192346475.jpg.chip.jpg
185,9_0_0_20170110220712974.jpg.chip.jpg,9_0_0_20170110220712974.jpg.chip.jpg,9,0,0,20170110220712974.jpg.chip.jpg
186,2_0_0_20170110213639642.jpg.chip.jpg,2_0_0_20170110213639642.jpg.chip.jpg,2,0,0,20170110213639642.jpg.chip.jpg
187,1_0_0_20170110213011627.jpg.chip.jpg,1_0_0_20170110213011627.jpg.chip.jpg,1,0,0,20170110213011627.jpg.chip.jpg
188,3_1_0_20170109193047806.jpg.chip.jpg,3_1_0_20170109193047806.jpg.chip.jpg,3,1,0,20170109193047806.jpg.chip.jpg
189,10_0_0_20170110224255796.jpg.chip.jpg,10_0_0_20170110224255796.jpg.chip.jpg,10,0,0,20170110224255796.jpg.chip.jpg
190,2_1_2_20161219211133165.jpg.chip.jpg,2_1_2_20161219211133165.jpg.chip.jpg,2,1,2,20161219211133165.jpg.chip.jpg
191,2_0_2_20161219203358108.jpg.chip.jpg,2_0_2_20161219203358108.jpg.chip.jpg,2,0,2,20161219203358108.jpg.chip.jpg
192,8_1_3_20170104222709156.jpg.chip.jpg,8_1_3_20170104222709156.jpg.chip.jpg,8,1,3,20170104222709156.jpg.chip.jpg
193,3_0_0_20170110212548876.jpg.chip.jpg,3_0_0_20170110212548876.jpg.chip.jpg,3,0,0,20170110212548876.jpg.chip.jpg
194,4_1_3_20161220221856138.jpg.chip.jpg,4_1_3_20161220221856138.jpg.chip.jpg,4,1,3,20161220221856138.jpg.chip.jpg
195,8_0_0_20170110220121162.jpg.chip.jpg,8_0_0_20170110220121162.jpg.chip.jpg,8,0,0,20170110220121162.jpg.chip.jpg
196,3_1_2_20161219141511144.jpg.chip.jpg,3_1_2_20161219141511144.jpg.chip.jpg,3,1,2,20161219141511144.jpg.chip.jpg
197,4_0_4_20161221193322159.jpg.chip.jpg,4_0_4_20161221193322159.jpg.chip.jpg,4,0,4,20161221193322159.jpg.chip.jpg
198,8_1_0_20170109205022859.jpg.chip.jpg,8_1_0_20170109205022859.jpg.chip.jpg,8,1,0,20170109205022859.jpg.chip.jpg
199,8_1_0_20170109205303856.jpg.chip.jpg,8_1_0_20170109205303856.jpg.chip.jpg,8,1,0,20170109205303856.jpg.chip.jpg
200,8_1_3_20161220220642802.jpg.chip.jpg,8_1_3_20161220220642802.jpg.chip.jpg,8,1,3,20161220220642802.jpg.chip.jpg
201,10_0_0_20170110215927291.jpg.chip.jpg,10_0_0_20170110215927291.jpg.chip.jpg,10,0,0,20170110215927291.jpg.chip.jpg
202,4_1_0_20170109190824547.jpg.chip.jpg,4_1_0_20170109190824547.jpg.chip.jpg,4,1,0,20170109190824547.jpg.chip.jpg
203,9_0_0_20170110215447268.jpg.chip.jpg,9_0_0_20170110215447268.jpg.chip.jpg,9,0,0,20170110215447268.jpg.chip.jpg
204,3_1_1_20170109194603673.jpg.chip.jpg,3_1_1_20170109194603673.jpg.chip.jpg,3,1,1,20170109194603673.jpg.chip.jpg
205,8_0_0_20170110215511548.jpg.chip.jpg,8_0_0_20170110215511548.jpg.chip.jpg,8,0,0,20170110215511548.jpg.chip.jpg
206,1_1_2_20161219200100707.jpg.chip.jpg,1_1_2_20161219200100707.jpg.chip.jpg,1,1,2,20161219200100707.jpg.chip.jpg
207,4_1_2_20161219142742801.jpg.chip.jpg,4_1_2_20161219142742801.jpg.chip.jpg,4,1,2,20161219142742801.jpg.chip.jpg
208,3_1_4_20170103234200795.jpg.chip.jpg,3_1_4_20170103234200795.jpg.chip.jpg,3,1,4,20170103234200795.jpg.chip.jpg
209,3_1_0_20170109193055962.jpg.chip.jpg,3_1_0_20170109193055962.jpg.chip.jpg,3,1,0,20170109193055962.jpg.chip.jpg
210,4_0_0_20170110213253207.jpg.chip.jpg,4_0_0_20170110213253207.jpg.chip.jpg,4,0,0,20170110213253207.jpg.chip.jpg
211,8_1_0_20170109204901514.jpg.chip.jpg,8_1_0_20170109204901514.jpg.chip.jpg,8,1,0,20170109204901514.jpg.chip.jpg
212,6_1_0_20170109201852729.jpg.chip.jpg,6_1_0_20170109201852729.jpg.chip.jpg,6,1,0,20170109201852729.jpg.chip.jpg
213,4_0_0_20170110205352445.jpg.chip.jpg,4_0_0_20170110205352445.jpg.chip.jpg,4,0,0,20170110205352445.jpg.chip.jpg
214,2_1_3_20161220144625342.jpg.chip.jpg,2_1_3_20161220144625342.jpg.chip.jpg,2,1,3,20161220144625342.jpg.chip.jpg
215,2_1_4_20161221193634726.jpg.chip.jpg,2_1_4_20161221193634726.jpg.chip.jpg,2,1,4,20161221193634726.jpg.chip.jpg
216,5_1_0_20170109193857919.jpg.chip.jpg,5_1_0_20170109193857919.jpg.chip.jpg,5,1,0,20170109193857919.jpg.chip.jpg
217,3_1_0_20170109190525069.jpg.chip.jpg,3_1_0_20170109190525069.jpg.chip.jpg,3,1,0,20170109190525069.jpg.chip.jpg
218,2_0_4_20161221202432089.jpg.chip.jpg,2_0_4_20161221202432089.jpg.chip.jpg,2,0,4,20161221202432089.jpg.chip.jpg
219,3_0_0_20170110213243664.jpg.chip.jpg,3_0_0_20170110213243664.jpg.chip.jpg,3,0,0,20170110213243664.jpg.chip.jpg
220,7_1_0_20170114025204820.jpg.chip.jpg,7_1_0_20170114025204820.jpg.chip.jpg,7,1,0,20170114025204820.jpg.chip.jpg
221,8_1_0_20170109201110396.jpg.chip.jpg,8_1_0_20170109201110396.jpg.chip.jpg,8,1,0,20170109201110396.jpg.chip.jpg
222,5_1_0_20170109194113052.jpg.chip.jpg,5_1_0_20170109194113052.jpg.chip.jpg,5,1,0,20170109194113052.jpg.chip.jpg
223,2_0_0_20170109193935916.jpg.chip.jpg,2_0_0_20170109193935916.jpg.chip.jpg,2,0,0,20170109193935916.jpg.chip.jpg
224,2_1_1_20170109190549164.jpg.chip.jpg,2_1_1_20170109190549164.jpg.chip.jpg,2,1,1,20170109190549164.jpg.chip.jpg
225,3_1_0_20170109193421750.jpg.chip.jpg,3_1_0_20170109193421750.jpg.chip.jpg,3,1,0,20170109193421750.jpg.chip.jpg
226,3_0_0_20170110213041017.jpg.chip.jpg,3_0_0_20170110213041017.jpg.chip.jpg,3,0,0,20170110213041017.jpg.chip.jpg
227,4_0_0_20170110213121589.jpg.chip.jpg,4_0_0_20170110213121589.jpg.chip.jpg,4,0,0,20170110213121589.jpg.chip.jpg
228,5_0_0_20170117192409274.jpg.chip.jpg,5_0_0_20170117192409274.jpg.chip.jpg,5,0,0,20170117192409274.jpg.chip.jpg
229,2_1_4_20161221192715844.jpg.chip.jpg,2_1_4_20161221192715844.jpg.chip.jpg,2,1,4,20161221192715844.jpg.chip.jpg
230,9_0_2_20170110224555634.jpg.chip.jpg,9_0_2_20170110224555634.jpg.chip.jpg,9,0,2,20170110224555634.jpg.chip.jpg
231,4_1_0_20170109190928456.jpg.chip.jpg,4_1_0_20170109190928456.jpg.chip.jpg,4,1,0,20170109190928456.jpg.chip.jpg
232,10_1_3_20170104221633430.jpg.chip.jpg,10_1_3_20170104221633430.jpg.chip.jpg,10,1,3,20170104221633430.jpg.chip.jpg
233,2_0_4_20170103210801579.jpg.chip.jpg,2_0_4_20170103210801579.jpg.chip.jpg,2,0,4,20170103210801579.jpg.chip.jpg
234,5_1_0_20170109190510318.jpg.chip.jpg,5_1_0_20170109190510318.jpg.chip.jpg,5,1,0,20170109190510318.jpg.chip.jpg
235,8_1_0_20170109202305645.jpg.chip.jpg,8_1_0_20170109202305645.jpg.chip.jpg,8,1,0,20170109202305645.jpg.chip.jpg
236,9_0_0_20170110225318820.jpg.chip.jpg,9_0_0_20170110225318820.jpg.chip.jpg,9,0,0,20170110225318820.jpg.chip.jpg
237,7_1_2_20161219193607875.jpg.chip.jpg,7_1_2_20161219193607875.jpg.chip.jpg,7,1,2,20161219193607875.jpg.chip.jpg
238,8_1_0_20170109202428799.jpg.chip.jpg,8_1_0_20170109202428799.jpg.chip.jpg,8,1,0,20170109202428799.jpg.chip.jpg
239,4_1_1_20170109194523891.jpg.chip.jpg,4_1_1_20170109194523891.jpg.chip.jpg,4,1,1,20170109194523891.jpg.chip.jpg
240,5_0_1_20170110213713440.jpg.chip.jpg,5_0_1_20170110213713440.jpg.chip.jpg,5,0,1,20170110213713440.jpg.chip.jpg
241,5_1_0_20170109193010080.jpg.chip.jpg,5_1_0_20170109193010080.jpg.chip.jpg,5,1,0,20170109193010080.jpg.chip.jpg
242,6_1_3_20161220223142531.jpg.chip.jpg,6_1_3_20161220223142531.jpg.chip.jpg,6,1,3,20161220223142531.jpg.chip.jpg
243,8_1_2_20170109203855544.jpg.chip.jpg,8_1_2_20170109203855544.jpg.chip.jpg,8,1,2,20170109203855544.jpg.chip.jpg
244,10_1_0_20170109204746535.jpg.chip.jpg,10_1_0_20170109204746535.jpg.chip.jpg,10,1,0,20170109204746535.jpg.chip.jpg
245,1_0_3_20161219230651432.jpg.chip.jpg,1_0_3_20161219230651432.jpg.chip.jpg,1,0,3,20161219230651432.jpg.chip.jpg
246,4_0_0_20170110213441609.jpg.chip.jpg,4_0_0_20170110213441609.jpg.chip.jpg,4,0,0,20170110213441609.jpg.chip.jpg
247,3_0_0_20170109191321997.jpg.chip.jpg,3_0_0_20170109191321997.jpg.chip.jpg,3,0,0,20170109191321997.jpg.chip.jpg
248,8_0_0_20170110220157082.jpg.chip.jpg,8_0_0_20170110220157082.jpg.chip.jpg,8,0,0,20170110220157082.jpg.chip.jpg
249,9_1_0_20170109204512608.jpg.chip.jpg,9_1_0_20170109204512608.jpg.chip.jpg,9,1,0,20170109204512608.jpg.chip.jpg
250,6_0_2_20170103210440650.jpg.chip.jpg,6_0_2_20170103210440650.jpg.chip.jpg,6,0,2,20170103210440650.jpg.chip.jpg
251,8_1_0_20170109205031725.jpg.chip.jpg,8_1_0_20170109205031725.jpg.chip.jpg,8,1,0,20170109205031725.jpg.chip.jpg
252,1_1_4_20170103212217155.jpg.chip.jpg,1_1_4_20170103212217155.jpg.chip.jpg,1,1,4,20170103212217155.jpg.chip.jpg
253,9_0_0_20170110224838965.jpg.chip.jpg,9_0_0_20170110224838965.jpg.chip.jpg,9,0,0,20170110224838965.jpg.chip.jpg
254,4_0_2_20170110225135002.jpg.chip.jpg,4_0_2_20170110225135002.jpg.chip.jpg,4,0,2,20170110225135002.jpg.chip.jpg
255,2_0_0_20170110211504184.jpg.chip.jpg,2_0_0_20170110211504184.jpg.chip.jpg,2,0,0,20170110211504184.jpg.chip.jpg
256,2_1_0_20170109191720148.jpg.chip.jpg,2_1_0_20170109191720148.jpg.chip.jpg,2,1,0,20170109191720148.jpg.chip.jpg
257,9_0_2_20161219192701323.jpg.chip.jpg,9_0_2_20161219192701323.jpg.chip.jpg,9,0,2,20161219192701323.jpg.chip.jpg
258,5_0_0_20170110220049707.jpg.chip.jpg,5_0_0_20170110220049707.jpg.chip.jpg,5,0,0,20170110220049707.jpg.chip.jpg
259,8_1_0_20170109194048333.jpg.chip.jpg,8_1_0_20170109194048333.jpg.chip.jpg,8,1,0,20170109194048333.jpg.chip.jpg
260,3_1_2_20161219162739430.jpg.chip.jpg,3_1_2_20161219162739430.jpg.chip.jpg,3,1,2,20161219162739430.jpg.chip.jpg
261,8_0_0_20170110220416458.jpg.chip.jpg,8_0_0_20170110220416458.jpg.chip.jpg,8,0,0,20170110220416458.jpg.chip.jpg
262,1_1_2_20161219202945116.jpg.chip.jpg,1_1_2_20161219202945116.jpg.chip.jpg,1,1,2,20161219202945116.jpg.chip.jpg
263,6_1_3_20161220220748274.jpg.chip.jpg,6_1_3_20161220220748274.jpg.chip.jpg,6,1,3,20161220220748274.jpg.chip.jpg
264,4_0_3_20161220222803227.jpg.chip.jpg,4_0_3_20161220222803227.jpg.chip.jpg,4,0,3,20161220222803227.jpg.chip.jpg
265,6_1_0_20161220221631666.jpg.chip.jpg,6_1_0_20161220221631666.jpg.chip.jpg,6,1,0,20161220221631666.jpg.chip.jpg
266,3_1_3_20161219230521112.jpg.chip.jpg,3_1_3_20161219230521112.jpg.chip.jpg,3,1,3,20161219230521112.jpg.chip.jpg
267,8_1_0_20170109204608113.jpg.chip.jpg,8_1_0_20170109204608113.jpg.chip.jpg,8,1,0,20170109204608113.jpg.chip.jpg
268,3_1_4_20161221192908158.jpg.chip.jpg,3_1_4_20161221192908158.jpg.chip.jpg,3,1,4,20161221192908158.jpg.chip.jpg
269,6_1_1_20170109192734062.jpg.chip.jpg,6_1_1_20170109192734062.jpg.chip.jpg,6,1,1,20170109192734062.jpg.chip.jpg
270,6_1_3_20161220222516643.jpg.chip.jpg,6_1_3_20161220222516643.jpg.chip.jpg,6,1,3,20161220222516643.jpg.chip.jpg
271,2_0_0_20170110224316546.jpg.chip.jpg,2_0_0_20170110224316546.jpg.chip.jpg,2,0,0,20170110224316546.jpg.chip.jpg
272,8_0_0_20170110225315590.jpg.chip.jpg,8_0_0_20170110225315590.jpg.chip.jpg,8,0,0,20170110225315590.jpg.chip.jpg
273,2_0_3_20161220144926901.jpg.chip.jpg,2_0_3_20161220144926901.jpg.chip.jpg,2,0,3,20161220144926901.jpg.chip.jpg
274,3_1_2_20161219155004341.jpg.chip.jpg,3_1_2_20161219155004341.jpg.chip.jpg,3,1,2,20161219155004341.jpg.chip.jpg
275,4_1_4_20161221193345109.jpg.chip.jpg,4_1_4_20161221193345109.jpg.chip.jpg,4,1,4,20161221193345109.jpg.chip.jpg
276,6_0_0_20170110215623387.jpg.chip.jpg,6_0_0_20170110215623387.jpg.chip.jpg,6,0,0,20170110215623387.jpg.chip.jpg
277,2_0_0_20170110212644094.jpg.chip.jpg,2_0_0_20170110212644094.jpg.chip.jpg,2,0,0,20170110212644094.jpg.chip.jpg
278,9_0_0_20170110215453036.jpg.chip.jpg,9_0_0_20170110215453036.jpg.chip.jpg,9,0,0,20170110215453036.jpg.chip.jpg
279,2_0_0_20170109191008066.jpg.chip.jpg,2_0_0_20170109191008066.jpg.chip.jpg,2,0,0,20170109191008066.jpg.chip.jpg
280,3_1_2_20161219155614821.jpg.chip.jpg,3_1_2_20161219155614821.jpg.chip.jpg,3,1,2,20161219155614821.jpg.chip.jpg
281,4_1_2_20161219190541762.jpg.chip.jpg,4_1_2_20161219190541762.jpg.chip.jpg,4,1,2,20161219190541762.jpg.chip.jpg
282,4_0_3_20161220220726266.jpg.chip.jpg,4_0_3_20161220220726266.jpg.chip.jpg,4,0,3,20161220220726266.jpg.chip.jpg
283,6_1_1_20170109193902904.jpg.chip.jpg,6_1_1_20170109193902904.jpg.chip.jpg,6,1,1,20170109193902904.jpg.chip.jpg
284,10_0_0_20170110225013755.jpg.chip.jpg,10_0_0_20170110225013755.jpg.chip.jpg,10,0,0,20170110225013755.jpg.chip.jpg
285,7_1_2_20161219160327198.jpg.chip.jpg,7_1_2_20161219160327198.jpg.chip.jpg,7,1,2,20161219160327198.jpg.chip.jpg
286,6_1_0_20170109193106065.jpg.chip.jpg,6_1_0_20170109193106065.jpg.chip.jpg,6,1,0,20170109193106065.jpg.chip.jpg
287,8_1_4_20170103200403187.jpg.chip.jpg,8_1_4_20170103200403187.jpg.chip.jpg,8,1,4,20170103200403187.jpg.chip.jpg
288,10_1_0_20170110220649364.jpg.chip.jpg,10_1_0_20170110220649364.jpg.chip.jpg,10,1,0,20170110220649364.jpg.chip.jpg
289,2_0_0_20170110211511626.jpg.chip.jpg,2_0_0_20170110211511626.jpg.chip.jpg,2,0,0,20170110211511626.jpg.chip.jpg
290,10_0_0_20170110220654150.jpg.chip.jpg,10_0_0_20170110220654150.jpg.chip.jpg,10,0,0,20170110220654150.jpg.chip.jpg
291,4_1_4_20161221193328366.jpg.chip.jpg,4_1_4_20161221193328366.jpg.chip.jpg,4,1,4,20161221193328366.jpg.chip.jpg
292,10_1_0_20170109203653735.jpg.chip.jpg,10_1_0_20170109203653735.jpg.chip.jpg,10,1,0,20170109203653735.jpg.chip.jpg
293,4_1_0_20170109204913999.jpg.chip.jpg,4_1_0_20170109204913999.jpg.chip.jpg,4,1,0,20170109204913999.jpg.chip.jpg
294,2_0_3_20161219221730658.jpg.chip.jpg,2_0_3_20161219221730658.jpg.chip.jpg,2,0,3,20161219221730658.jpg.chip.jpg
295,9_0_4_20170110215354740.jpg.chip.jpg,9_0_4_20170110215354740.jpg.chip.jpg,9,0,4,20170110215354740.jpg.chip.jpg
296,6_0_3_20161220222811027.jpg.chip.jpg,6_0_3_20161220222811027.jpg.chip.jpg,6,0,3,20161220222811027.jpg.chip.jpg
297,9_0_0_20170110215523228.jpg.chip.jpg,9_0_0_20170110215523228.jpg.chip.jpg,9,0,0,20170110215523228.jpg.chip.jpg
298,8_0_2_20161219162204262.jpg.chip.jpg,8_0_2_20161219162204262.jpg.chip.jpg,8,0,2,20161219162204262.jpg.chip.jpg
299,8_1_0_20170109203552679.jpg.chip.jpg,8_1_0_20170109203552679.jpg.chip.jpg,8,1,0,20170109203552679.jpg.chip.jpg
300,8_1_0_20170109205426790.jpg.chip.jpg,8_1_0_20170109205426790.jpg.chip.jpg,8,1,0,20170109205426790.jpg.chip.jpg
301,6_1_2_20161219192319650.jpg.chip.jpg,6_1_2_20161219192319650.jpg.chip.jpg,6,1,2,20161219192319650.jpg.chip.jpg
302,6_1_0_20170114033411045.jpg.chip.jpg,6_1_0_20170114033411045.jpg.chip.jpg,6,1,0,20170114033411045.jpg.chip.jpg
303,8_0_0_20170103200436055.jpg.chip.jpg,8_0_0_20170103200436055.jpg.chip.jpg,8,0,0,20170103200436055.jpg.chip.jpg
304,7_0_0_20170110215327391.jpg.chip.jpg,7_0_0_20170110215327391.jpg.chip.jpg,7,0,0,20170110215327391.jpg.chip.jpg
305,2_0_4_20161221201843169.jpg.chip.jpg,2_0_4_20161221201843169.jpg.chip.jpg,2,0,4,20161221201843169.jpg.chip.jpg
306,3_1_2_20161219195114043.jpg.chip.jpg,3_1_2_20161219195114043.jpg.chip.jpg,3,1,2,20161219195114043.jpg.chip.jpg
307,6_0_4_20161221202547897.jpg.chip.jpg,6_0_4_20161221202547897.jpg.chip.jpg,6,0,4,20161221202547897.jpg.chip.jpg
308,8_0_0_20170110215640027.jpg.chip.jpg,8_0_0_20170110215640027.jpg.chip.jpg,8,0,0,20170110215640027.jpg.chip.jpg
309,7_1_1_20170109194708063.jpg.chip.jpg,7_1_1_20170109194708063.jpg.chip.jpg,7,1,1,20170109194708063.jpg.chip.jpg
310,10_0_4_20170103200443015.jpg.chip.jpg,10_0_4_20170103200443015.jpg.chip.jpg,10,0,4,20170103200443015.jpg.chip.jpg
311,8_1_0_20170109205015327.jpg.chip.jpg,8_1_0_20170109205015327.jpg.chip.jpg,8,1,0,20170109205015327.jpg.chip.jpg
312,4_0_2_20161219141105897.jpg.chip.jpg,4_0_2_20161219141105897.jpg.chip.jpg,4,0,2,20161219141105897.jpg.chip.jpg
313,10_1_1_20170109203348828.jpg.chip.jpg,10_1_1_20170109203348828.jpg.chip.jpg,10,1,1,20170109203348828.jpg.chip.jpg
314,6_1_4_20161221193543388.jpg.chip.jpg,6_1_4_20161221193543388.jpg.chip.jpg,6,1,4,20161221193543388.jpg.chip.jpg
315,3_1_2_20161219195325019.jpg.chip.jpg,3_1_2_20161219195325019.jpg.chip.jpg,3,1,2,20161219195325019.jpg.chip.jpg
316,3_0_0_20170110212729799.jpg.chip.jpg,3_0_0_20170110212729799.jpg.chip.jpg,3,0,0,20170110212729799.jpg.chip.jpg
317,4_1_4_20170109191223274.jpg.chip.jpg,4_1_4_20170109191223274.jpg.chip.jpg,4,1,4,20170109191223274.jpg.chip.jpg
318,5_0_3_20161220220203409.jpg.chip.jpg,5_0_3_20161220220203409.jpg.chip.jpg,5,0,3,20161220220203409.jpg.chip.jpg
319,4_0_0_20170110212844605.jpg.chip.jpg,4_0_0_20170110212844605.jpg.chip.jpg,4,0,0,20170110212844605.jpg.chip.jpg
320,2_0_1_20170110213724790.jpg.chip.jpg,2_0_1_20170110213724790.jpg.chip.jpg,2,0,1,20170110213724790.jpg.chip.jpg
321,2_0_0_20170110213146269.jpg.chip.jpg,2_0_0_20170110213146269.jpg.chip.jpg,2,0,0,20170110213146269.jpg.chip.jpg
322,7_0_0_20170110215534588.jpg.chip.jpg,7_0_0_20170110215534588.jpg.chip.jpg,7,0,0,20170110215534588.jpg.chip.jpg
323,4_1_0_20170109194222722.jpg.chip.jpg,4_1_0_20170109194222722.jpg.chip.jpg,4,1,0,20170109194222722.jpg.chip.jpg
324,9_0_0_20170110220110042.jpg.chip.jpg,9_0_0_20170110220110042.jpg.chip.jpg,9,0,0,20170110220110042.jpg.chip.jpg
325,7_0_2_20161219204335837.jpg.chip.jpg,7_0_2_20161219204335837.jpg.chip.jpg,7,0,2,20161219204335837.jpg.chip.jpg
326,2_0_0_20170110211457583.jpg.chip.jpg,2_0_0_20170110211457583.jpg.chip.jpg,2,0,0,20170110211457583.jpg.chip.jpg
327,5_0_0_20170110213357051.jpg.chip.jpg,5_0_0_20170110213357051.jpg.chip.jpg,5,0,0,20170110213357051.jpg.chip.jpg
328,8_1_0_20170109205416266.jpg.chip.jpg,8_1_0_20170109205416266.jpg.chip.jpg,8,1,0,20170109205416266.jpg.chip.jpg
329,2_0_2_20161219222111287.jpg.chip.jpg,2_0_2_20161219222111287.jpg.chip.jpg,2,0,2,20161219222111287.jpg.chip.jpg
330,8_1_0_20170109203559320.jpg.chip.jpg,8_1_0_20170109203559320.jpg.chip.jpg,8,1,0,20170109203559320.jpg.chip.jpg
331,7_1_0_20170109202403368.jpg.chip.jpg,7_1_0_20170109202403368.jpg.chip.jpg,7,1,0,20170109202403368.jpg.chip.jpg
332,2_1_0_20170109191803520.jpg.chip.jpg,2_1_0_20170109191803520.jpg.chip.jpg,2,1,0,20170109191803520.jpg.chip.jpg
333,8_0_0_20170110220124291.jpg.chip.jpg,8_0_0_20170110220124291.jpg.chip.jpg,8,0,0,20170110220124291.jpg.chip.jpg
334,1_0_2_20161219162518471.jpg.chip.jpg,1_0_2_20161219162518471.jpg.chip.jpg,1,0,2,20161219162518471.jpg.chip.jpg
335,10_0_0_20170110224253445.jpg.chip.jpg,10_0_0_20170110224253445.jpg.chip.jpg,10,0,0,20170110224253445.jpg.chip.jpg
336,1_1_4_20161221202254377.jpg.chip.jpg,1_1_4_20161221202254377.jpg.chip.jpg,1,1,4,20161221202254377.jpg.chip.jpg
337,5_1_0_20170109193552396.jpg.chip.jpg,5_1_0_20170109193552396.jpg.chip.jpg,5,1,0,20170109193552396.jpg.chip.jpg
338,2_0_2_20161219205739724.jpg.chip.jpg,2_0_2_20161219205739724.jpg.chip.jpg,2,0,2,20161219205739724.jpg.chip.jpg
339,4_1_4_20161221202534346.jpg.chip.jpg,4_1_4_20161221202534346.jpg.chip.jpg,4,1,4,20161221202534346.jpg.chip.jpg
340,3_0_2_20161219190020899.jpg.chip.jpg,3_0_2_20161219190020899.jpg.chip.jpg,3,0,2,20161219190020899.jpg.chip.jpg
341,8_1_2_20170109204518758.jpg.chip.jpg,8_1_2_20170109204518758.jpg.chip.jpg,8,1,2,20170109204518758.jpg.chip.jpg
342,3_0_2_20161219190447811.jpg.chip.jpg,3_0_2_20161219190447811.jpg.chip.jpg,3,0,2,20161219190447811.jpg.chip.jpg
343,1_1_3_20161220143213583.jpg.chip.jpg,1_1_3_20161220143213583.jpg.chip.jpg,1,1,3,20161220143213583.jpg.chip.jpg
344,1_0_0_20170110213508380.jpg.chip.jpg,1_0_0_20170110213508380.jpg.chip.jpg,1,0,0,20170110213508380.jpg.chip.jpg
345,1_0_0_20170109193841675.jpg.chip.jpg,1_0_0_20170109193841675.jpg.chip.jpg,1,0,0,20170109193841675.jpg.chip.jpg
346,3_1_2_20161219204608087.jpg.chip.jpg,3_1_2_20161219204608087.jpg.chip.jpg,3,1,2,20161219204608087.jpg.chip.jpg
347,3_1_2_20161219211045069.jpg.chip.jpg,3_1_2_20161219211045069.jpg.chip.jpg,3,1,2,20161219211045069.jpg.chip.jpg
348,8_0_0_20170110215618155.jpg.chip.jpg,8_0_0_20170110215618155.jpg.chip.jpg,8,0,0,20170110215618155.jpg.chip.jpg
349,7_1_0_20170109204841362.jpg.chip.jpg,7_1_0_20170109204841362.jpg.chip.jpg,7,1,0,20170109204841362.jpg.chip.jpg
350,4_0_0_20170110213307248.jpg.chip.jpg,4_0_0_20170110213307248.jpg.chip.jpg,4,0,0,20170110213307248.jpg.chip.jpg
351,2_1_2_20161219194346219.jpg.chip.jpg,2_1_2_20161219194346219.jpg.chip.jpg,2,1,2,20161219194346219.jpg.chip.jpg
352,1_1_0_20161219161636014.jpg.chip.jpg,1_1_0_20161219161636014.jpg.chip.jpg,1,1,0,20161219161636014.jpg.chip.jpg
353,4_1_2_20161219204019100.jpg.chip.jpg,4_1_2_20161219204019100.jpg.chip.jpg,4,1,2,20161219204019100.jpg.chip.jpg
354,8_1_4_20170109202334991.jpg.chip.jpg,8_1_4_20170109202334991.jpg.chip.jpg,8,1,4,20170109202334991.jpg.chip.jpg
355,7_1_0_20170109201810385.jpg.chip.jpg,7_1_0_20170109201810385.jpg.chip.jpg,7,1,0,20170109201810385.jpg.chip.jpg
356,8_1_0_20170109202859958.jpg.chip.jpg,8_1_0_20170109202859958.jpg.chip.jpg,8,1,0,20170109202859958.jpg.chip.jpg
357,3_0_0_20170110213048070.jpg.chip.jpg,3_0_0_20170110213048070.jpg.chip.jpg,3,0,0,20170110213048070.jpg.chip.jpg
358,1_0_4_20161221202006449.jpg.chip.jpg,1_0_4_20161221202006449.jpg.chip.jpg,1,0,4,20161221202006449.jpg.chip.jpg
359,9_1_0_20170109200846880.jpg.chip.jpg,9_1_0_20170109200846880.jpg.chip.jpg,9,1,0,20170109200846880.jpg.chip.jpg
360,8_1_0_20170109205018500.jpg.chip.jpg,8_1_0_20170109205018500.jpg.chip.jpg,8,1,0,20170109205018500.jpg.chip.jpg
361,4_0_2_20161219194148499.jpg.chip.jpg,4_0_2_20161219194148499.jpg.chip.jpg,4,0,2,20161219194148499.jpg.chip.jpg
362,5_1_0_20170109194058911.jpg.chip.jpg,5_1_0_20170109194058911.jpg.chip.jpg,5,1,0,20170109194058911.jpg.chip.jpg
363,7_1_0_20170109204800702.jpg.chip.jpg,7_1_0_20170109204800702.jpg.chip.jpg,7,1,0,20170109204800702.jpg.chip.jpg
364,5_1_2_20161219204056708.jpg.chip.jpg,5_1_2_20161219204056708.jpg.chip.jpg,5,1,2,20161219204056708.jpg.chip.jpg
365,8_0_2_20170117192413109.jpg.chip.jpg,8_0_2_20170117192413109.jpg.chip.jpg,8,0,2,20170117192413109.jpg.chip.jpg
366,1_0_3_20161220220418690.jpg.chip.jpg,1_0_3_20161220220418690.jpg.chip.jpg,1,0,3,20161220220418690.jpg.chip.jpg
367,5_1_0_20170109192118486.jpg.chip.jpg,5_1_0_20170109192118486.jpg.chip.jpg,5,1,0,20170109192118486.jpg.chip.jpg
368,9_0_0_20170110225101384.jpg.chip.jpg,9_0_0_20170110225101384.jpg.chip.jpg,9,0,0,20170110225101384.jpg.chip.jpg
369,2_1_4_20170103213232676.jpg.chip.jpg,2_1_4_20170103213232676.jpg.chip.jpg,2,1,4,20170103213232676.jpg.chip.jpg
370,4_0_2_20161219195053667.jpg.chip.jpg,4_0_2_20161219195053667.jpg.chip.jpg,4,0,2,20161219195053667.jpg.chip.jpg
371,9_0_0_20170110215520268.jpg.chip.jpg,9_0_0_20170110215520268.jpg.chip.jpg,9,0,0,20170110215520268.jpg.chip.jpg
372,4_1_0_20170109191155398.jpg.chip.jpg,4_1_0_20170109191155398.jpg.chip.jpg,4,1,0,20170109191155398.jpg.chip.jpg
373,9_0_0_20170110220241330.jpg.chip.jpg,9_0_0_20170110220241330.jpg.chip.jpg,9,0,0,20170110220241330.jpg.chip.jpg
374,3_1_0_20161219204602748.jpg.chip.jpg,3_1_0_20161219204602748.jpg.chip.jpg,3,1,0,20161219204602748.jpg.chip.jpg
375,2_1_3_20161219225606664.jpg.chip.jpg,2_1_3_20161219225606664.jpg.chip.jpg,2,1,3,20161219225606664.jpg.chip.jpg
376,6_1_4_20161221193229605.jpg.chip.jpg,6_1_4_20161221193229605.jpg.chip.jpg,6,1,4,20161221193229605.jpg.chip.jpg
377,4_1_2_20161219141750993.jpg.chip.jpg,4_1_2_20161219141750993.jpg.chip.jpg,4,1,2,20161219141750993.jpg.chip.jpg
378,1_0_4_20161221192604164.jpg.chip.jpg,1_0_4_20161221192604164.jpg.chip.jpg,1,0,4,20161221192604164.jpg.chip.jpg
379,1_0_2_20161219203650636.jpg.chip.jpg,1_0_2_20161219203650636.jpg.chip.jpg,1,0,2,20161219203650636.jpg.chip.jpg
380,1_0_4_20161221192558436.jpg.chip.jpg,1_0_4_20161221192558436.jpg.chip.jpg,1,0,4,20161221192558436.jpg.chip.jpg
381,5_1_2_20161219160858341.jpg.chip.jpg,5_1_2_20161219160858341.jpg.chip.jpg,5,1,2,20161219160858341.jpg.chip.jpg
382,6_1_3_20161220222916667.jpg.chip.jpg,6_1_3_20161220222916667.jpg.chip.jpg,6,1,3,20161220222916667.jpg.chip.jpg
383,4_1_1_20170109194530016.jpg.chip.jpg,4_1_1_20170109194530016.jpg.chip.jpg,4,1,1,20170109194530016.jpg.chip.jpg
384,9_1_0_20170109204449076.jpg.chip.jpg,9_1_0_20170109204449076.jpg.chip.jpg,9,1,0,20170109204449076.jpg.chip.jpg
385,1_1_2_20161220220018380.jpg.chip.jpg,1_1_2_20161220220018380.jpg.chip.jpg,1,1,2,20161220220018380.jpg.chip.jpg
386,8_1_0_20170109202316791.jpg.chip.jpg,8_1_0_20170109202316791.jpg.chip.jpg,8,1,0,20170109202316791.jpg.chip.jpg
387,4_0_0_20170110213557125.jpg.chip.jpg,4_0_0_20170110213557125.jpg.chip.jpg,4,0,0,20170110213557125.jpg.chip.jpg
388,5_0_0_20170110213554657.jpg.chip.jpg,5_0_0_20170110213554657.jpg.chip.jpg,5,0,0,20170110213554657.jpg.chip.jpg
389,8_1_0_20170109205428806.jpg.chip.jpg,8_1_0_20170109205428806.jpg.chip.jpg,8,1,0,20170109205428806.jpg.chip.jpg
390,5_1_2_20170104010050039.jpg.chip.jpg,5_1_2_20170104010050039.jpg.chip.jpg,5,1,2,20170104010050039.jpg.chip.jpg
391,3_1_0_20170109191527360.jpg.chip.jpg,3_1_0_20170109191527360.jpg.chip.jpg,3,1,0,20170109191527360.jpg.chip.jpg
392,8_0_3_20170104225706490.jpg.chip.jpg,8_0_3_20170104225706490.jpg.chip.jpg,8,0,3,20170104225706490.jpg.chip.jpg
393,9_0_0_20170110220510618.jpg.chip.jpg,9_0_0_20170110220510618.jpg.chip.jpg,9,0,0,20170110220510618.jpg.chip.jpg
394,3_0_0_20170110213436047.jpg.chip.jpg,3_0_0_20170110213436047.jpg.chip.jpg,3,0,0,20170110213436047.jpg.chip.jpg
395,1_0_3_20161219224655512.jpg.chip.jpg,1_0_3_20161219224655512.jpg.chip.jpg,1,0,3,20161219224655512.jpg.chip.jpg
396,2_1_2_20161219154604597.jpg.chip.jpg,2_1_2_20161219154604597.jpg.chip.jpg,2,1,2,20161219154604597.jpg.chip.jpg
397,2_1_1_20170109194558992.jpg.chip.jpg,2_1_1_20170109194558992.jpg.chip.jpg,2,1,1,20170109194558992.jpg.chip.jpg
398,10_0_0_20170110224524253.jpg.chip.jpg,10_0_0_20170110224524253.jpg.chip.jpg,10,0,0,20170110224524253.jpg.chip.jpg
399,1_0_0_20170109193823674.jpg.chip.jpg,1_0_0_20170109193823674.jpg.chip.jpg,1,0,0,20170109193823674.jpg.chip.jpg
400,6_1_0_20170109204828030.jpg.chip.jpg,6_1_0_20170109204828030.jpg.chip.jpg,6,1,0,20170109204828030.jpg.chip.jpg
401,10_1_3_20170104221711437.jpg.chip.jpg,10_1_3_20170104221711437.jpg.chip.jpg,10,1,3,20170104221711437.jpg.chip.jpg
402,1_0_2_20161219211407518.jpg.chip.jpg,1_0_2_20161219211407518.jpg.chip.jpg,1,0,2,20161219211407518.jpg.chip.jpg
403,6_1_0_20170104010034799.jpg.chip.jpg,6_1_0_20170104010034799.jpg.chip.jpg,6,1,0,20170104010034799.jpg.chip.jpg
404,1_0_2_20161219204151442.jpg.chip.jpg,1_0_2_20161219204151442.jpg.chip.jpg,1,0,2,20161219204151442.jpg.chip.jpg
405,3_1_0_20170109191013750.jpg.chip.jpg,3_1_0_20170109191013750.jpg.chip.jpg,3,1,0,20170109191013750.jpg.chip.jpg
406,1_0_2_20161219203724580.jpg.chip.jpg,1_0_2_20161219203724580.jpg.chip.jpg,1,0,2,20161219203724580.jpg.chip.jpg
407,8_1_0_20170109205515528.jpg.chip.jpg,8_1_0_20170109205515528.jpg.chip.jpg,8,1,0,20170109205515528.jpg.chip.jpg
408,10_1_2_20170116175840105.jpg.chip.jpg,10_1_2_20170116175840105.jpg.chip.jpg,10,1,2,20170116175840105.jpg.chip.jpg
409,8_0_0_20170110225358551.jpg.chip.jpg,8_0_0_20170110225358551.jpg.chip.jpg,8,0,0,20170110225358551.jpg.chip.jpg
410,4_1_0_20170109191412927.jpg.chip.jpg,4_1_0_20170109191412927.jpg.chip.jpg,4,1,0,20170109191412927.jpg.chip.jpg
411,8_1_0_20170109202314510.jpg.chip.jpg,8_1_0_20170109202314510.jpg.chip.jpg,8,1,0,20170109202314510.jpg.chip.jpg
412,5_0_2_20170110215845491.jpg.chip.jpg,5_0_2_20170110215845491.jpg.chip.jpg,5,0,2,20170110215845491.jpg.chip.jpg
413,9_0_0_20170110222903669.jpg.chip.jpg,9_0_0_20170110222903669.jpg.chip.jpg,9,0,0,20170110222903669.jpg.chip.jpg
414,9_0_0_20170110220132059.jpg.chip.jpg,9_0_0_20170110220132059.jpg.chip.jpg,9,0,0,20170110220132059.jpg.chip.jpg
415,7_1_0_20170109205113183.jpg.chip.jpg,7_1_0_20170109205113183.jpg.chip.jpg,7,1,0,20170109205113183.jpg.chip.jpg
416,4_1_2_20161219195237635.jpg.chip.jpg,4_1_2_20161219195237635.jpg.chip.jpg,4,1,2,20161219195237635.jpg.chip.jpg
417,4_1_0_20170109193813519.jpg.chip.jpg,4_1_0_20170109193813519.jpg.chip.jpg,4,1,0,20170109193813519.jpg.chip.jpg
418,4_1_0_20161220220732418.jpg.chip.jpg,4_1_0_20161220220732418.jpg.chip.jpg,4,1,0,20161220220732418.jpg.chip.jpg
419,6_1_4_20170103230723185.jpg.chip.jpg,6_1_4_20170103230723185.jpg.chip.jpg,6,1,4,20170103230723185.jpg.chip.jpg
420,9_0_0_20170110221723108.jpg.chip.jpg,9_0_0_20170110221723108.jpg.chip.jpg,9,0,0,20170110221723108.jpg.chip.jpg
421,5_1_0_20170109193816878.jpg.chip.jpg,5_1_0_20170109193816878.jpg.chip.jpg,5,1,0,20170109193816878.jpg.chip.jpg
422,10_1_0_20170103200654246.jpg.chip.jpg,10_1_0_20170103200654246.jpg.chip.jpg,10,1,0,20170103200654246.jpg.chip.jpg
423,9_1_0_20170109204754719.jpg.chip.jpg,9_1_0_20170109204754719.jpg.chip.jpg,9,1,0,20170109204754719.jpg.chip.jpg
424,6_1_0_20170109204905156.jpg.chip.jpg,6_1_0_20170109204905156.jpg.chip.jpg,6,1,0,20170109204905156.jpg.chip.jpg
425,7_0_2_20170110224711687.jpg.chip.jpg,7_0_2_20170110224711687.jpg.chip.jpg,7,0,2,20170110224711687.jpg.chip.jpg
426,5_1_2_20161219142543345.jpg.chip.jpg,5_1_2_20161219142543345.jpg.chip.jpg,5,1,2,20161219142543345.jpg.chip.jpg
427,4_1_3_20161219225056888.jpg.chip.jpg,4_1_3_20161219225056888.jpg.chip.jpg,4,1,3,20161219225056888.jpg.chip.jpg
428,3_1_2_20161219155421253.jpg.chip.jpg,3_1_2_20161219155421253.jpg.chip.jpg,3,1,2,20161219155421253.jpg.chip.jpg
429,1_1_0_20161219225855568.jpg.chip.jpg,1_1_0_20161219225855568.jpg.chip.jpg,1,1,0,20161219225855568.jpg.chip.jpg
430,4_0_1_20170110213631827.jpg.chip.jpg,4_0_1_20170110213631827.jpg.chip.jpg,4,0,1,20170110213631827.jpg.chip.jpg
431,8_1_0_20170109200918322.jpg.chip.jpg,8_1_0_20170109200918322.jpg.chip.jpg,8,1,0,20170109200918322.jpg.chip.jpg
432,3_1_1_20170109194610208.jpg.chip.jpg,3_1_1_20170109194610208.jpg.chip.jpg,3,1,1,20170109194610208.jpg.chip.jpg
433,6_1_0_20170109201829191.jpg.chip.jpg,6_1_0_20170109201829191.jpg.chip.jpg,6,1,0,20170109201829191.jpg.chip.jpg
434,5_1_3_20161220145130080.jpg.chip.jpg,5_1_3_20161220145130080.jpg.chip.jpg,5,1,3,20161220145130080.jpg.chip.jpg
435,2_1_2_20161219211625838.jpg.chip.jpg,2_1_2_20161219211625838.jpg.chip.jpg,2,1,2,20161219211625838.jpg.chip.jpg
436,1_1_2_20161219202727078.jpg.chip.jpg,1_1_2_20161219202727078.jpg.chip.jpg,1,1,2,20161219202727078.jpg.chip.jpg
437,8_1_0_20170109201701754.jpg.chip.jpg,8_1_0_20170109201701754.jpg.chip.jpg,8,1,0,20170109201701754.jpg.chip.jpg
438,1_0_0_20170109192219011.jpg.chip.jpg,1_0_0_20170109192219011.jpg.chip.jpg,1,0,0,20170109192219011.jpg.chip.jpg
439,9_0_0_20170110225018913.jpg.chip.jpg,9_0_0_20170110225018913.jpg.chip.jpg,9,0,0,20170110225018913.jpg.chip.jpg
440,10_0_0_20170110224238891.jpg.chip.jpg,10_0_0_20170110224238891.jpg.chip.jpg,10,0,0,20170110224238891.jpg.chip.jpg
441,1_1_0_20170109194038813.jpg.chip.jpg,1_1_0_20170109194038813.jpg.chip.jpg,1,1,0,20170109194038813.jpg.chip.jpg
442,8_0_3_20170104230744745.jpg.chip.jpg,8_0_3_20170104230744745.jpg.chip.jpg,8,0,3,20170104230744745.jpg.chip.jpg
443,2_1_4_20161221202110987.jpg.chip.jpg,2_1_4_20161221202110987.jpg.chip.jpg,2,1,4,20161221202110987.jpg.chip.jpg
444,4_1_2_20161219141829689.jpg.chip.jpg,4_1_2_20161219141829689.jpg.chip.jpg,4,1,2,20161219141829689.jpg.chip.jpg
445,1_1_2_20161219211002173.jpg.chip.jpg,1_1_2_20161219211002173.jpg.chip.jpg,1,1,2,20161219211002173.jpg.chip.jpg
446,8_0_0_20170103210825483.jpg.chip.jpg,8_0_0_20170103210825483.jpg.chip.jpg,8,0,0,20170103210825483.jpg.chip.jpg
447,5_0_2_20161219222440743.jpg.chip.jpg,5_0_2_20161219222440743.jpg.chip.jpg,5,0,2,20161219222440743.jpg.chip.jpg
448,8_0_0_20170110220246250.jpg.chip.jpg,8_0_0_20170110220246250.jpg.chip.jpg,8,0,0,20170110220246250.jpg.chip.jpg
449,10_0_0_20170110220033115.jpg.chip.jpg,10_0_0_20170110220033115.jpg.chip.jpg,10,0,0,20170110220033115.jpg.chip.jpg
450,7_1_0_20170109200933192.jpg.chip.jpg,7_1_0_20170109200933192.jpg.chip.jpg,7,1,0,20170109200933192.jpg.chip.jpg
451,2_1_2_20161219141231552.jpg.chip.jpg,2_1_2_20161219141231552.jpg.chip.jpg,2,1,2,20161219141231552.jpg.chip.jpg
452,7_0_1_20170113145233558.jpg.chip.jpg,7_0_1_20170113145233558.jpg.chip.jpg,7,0,1,20170113145233558.jpg.chip.jpg
453,10_0_4_20170103200409638.jpg.chip.jpg,10_0_4_20170103200409638.jpg.chip.jpg,10,0,4,20170103200409638.jpg.chip.jpg
454,1_0_2_20161219200004228.jpg.chip.jpg,1_0_2_20161219200004228.jpg.chip.jpg,1,0,2,20161219200004228.jpg.chip.jpg
455,7_1_3_20161220221712842.jpg.chip.jpg,7_1_3_20161220221712842.jpg.chip.jpg,7,1,3,20161220221712842.jpg.chip.jpg
456,5_0_3_20161220222940507.jpg.chip.jpg,5_0_3_20161220222940507.jpg.chip.jpg,5,0,3,20161220222940507.jpg.chip.jpg
457,4_1_0_20170109202352144.jpg.chip.jpg,4_1_0_20170109202352144.jpg.chip.jpg,4,1,0,20170109202352144.jpg.chip.jpg
458,1_1_0_20170109190936410.jpg.chip.jpg,1_1_0_20170109190936410.jpg.chip.jpg,1,1,0,20170109190936410.jpg.chip.jpg
459,6_0_0_20170110213109002.jpg.chip.jpg,6_0_0_20170110213109002.jpg.chip.jpg,6,0,0,20170110213109002.jpg.chip.jpg
460,2_1_4_20170103210934483.jpg.chip.jpg,2_1_4_20170103210934483.jpg.chip.jpg,2,1,4,20170103210934483.jpg.chip.jpg
461,8_1_0_20170109202339392.jpg.chip.jpg,8_1_0_20170109202339392.jpg.chip.jpg,8,1,0,20170109202339392.jpg.chip.jpg
462,5_0_2_20170109193500519.jpg.chip.jpg,5_0_2_20170109193500519.jpg.chip.jpg,5,0,2,20170109193500519.jpg.chip.jpg
463,3_1_4_20161221202539569.jpg.chip.jpg,3_1_4_20161221202539569.jpg.chip.jpg,3,1,4,20161221202539569.jpg.chip.jpg
464,6_1_0_20170109193725492.jpg.chip.jpg,6_1_0_20170109193725492.jpg.chip.jpg,6,1,0,20170109193725492.jpg.chip.jpg
465,10_0_0_20170110225528484.jpg.chip.jpg,10_0_0_20170110225528484.jpg.chip.jpg,10,0,0,20170110225528484.jpg.chip.jpg
466,2_1_0_20161219190909739.jpg.chip.jpg,2_1_0_20161219190909739.jpg.chip.jpg,2,1,0,20161219190909739.jpg.chip.jpg
467,6_1_0_20170109201859697.jpg.chip.jpg,6_1_0_20170109201859697.jpg.chip.jpg,6,1,0,20170109201859697.jpg.chip.jpg
468,10_1_0_20170109204259563.jpg.chip.jpg,10_1_0_20170109204259563.jpg.chip.jpg,10,1,0,20170109204259563.jpg.chip.jpg
469,6_1_0_20170109194207894.jpg.chip.jpg,6_1_0_20170109194207894.jpg.chip.jpg,6,1,0,20170109194207894.jpg.chip.jpg
470,4_0_1_20170110213311678.jpg.chip.jpg,4_0_1_20170110213311678.jpg.chip.jpg,4,0,1,20170110213311678.jpg.chip.jpg
471,1_1_2_20161219220631367.jpg.chip.jpg,1_1_2_20161219220631367.jpg.chip.jpg,1,1,2,20161219220631367.jpg.chip.jpg
472,7_0_0_20170110215540131.jpg.chip.jpg,7_0_0_20170110215540131.jpg.chip.jpg,7,0,0,20170110215540131.jpg.chip.jpg
473,1_0_2_20161219154354285.jpg.chip.jpg,1_0_2_20161219154354285.jpg.chip.jpg,1,0,2,20161219154354285.jpg.chip.jpg
474,10_1_1_20170109203522559.jpg.chip.jpg,10_1_1_20170109203522559.jpg.chip.jpg,10,1,1,20170109203522559.jpg.chip.jpg
475,3_1_2_20161219155423541.jpg.chip.jpg,3_1_2_20161219155423541.jpg.chip.jpg,3,1,2,20161219155423541.jpg.chip.jpg
476,9_0_0_20170110225111291.jpg.chip.jpg,9_0_0_20170110225111291.jpg.chip.jpg,9,0,0,20170110225111291.jpg.chip.jpg
477,3_1_0_20161219205155700.jpg.chip.jpg,3_1_0_20161219205155700.jpg.chip.jpg,3,1,0,20161219205155700.jpg.chip.jpg
478,10_1_0_20170109204617417.jpg.chip.jpg,10_1_0_20170109204617417.jpg.chip.jpg,10,1,0,20170109204617417.jpg.chip.jpg
479,9_0_0_20170110220239466.jpg.chip.jpg,9_0_0_20170110220239466.jpg.chip.jpg,9,0,0,20170110220239466.jpg.chip.jpg
480,3_1_0_20161219205449493.jpg.chip.jpg,3_1_0_20161219205449493.jpg.chip.jpg,3,1,0,20161219205449493.jpg.chip.jpg
481,9_0_0_20170110225609333.jpg.chip.jpg,9_0_0_20170110225609333.jpg.chip.jpg,9,0,0,20170110225609333.jpg.chip.jpg
482,3_0_2_20161219210918485.jpg.chip.jpg,3_0_2_20161219210918485.jpg.chip.jpg,3,0,2,20161219210918485.jpg.chip.jpg
483,1_1_2_20161219155705613.jpg.chip.jpg,1_1_2_20161219155705613.jpg.chip.jpg,1,1,2,20161219155705613.jpg.chip.jpg
484,9_0_2_20170110225353988.jpg.chip.jpg,9_0_2_20170110225353988.jpg.chip.jpg,9,0,2,20170110225353988.jpg.chip.jpg
485,1_1_0_20161219205534526.jpg.chip.jpg,1_1_0_20161219205534526.jpg.chip.jpg,1,1,0,20161219205534526.jpg.chip.jpg
486,7_0_0_20170110215708491.jpg.chip.jpg,7_0_0_20170110215708491.jpg.chip.jpg,7,0,0,20170110215708491.jpg.chip.jpg
487,4_0_0_20170110213325187.jpg.chip.jpg,4_0_0_20170110213325187.jpg.chip.jpg,4,0,0,20170110213325187.jpg.chip.jpg
488,5_0_3_20161220220253921.jpg.chip.jpg,5_0_3_20161220220253921.jpg.chip.jpg,5,0,3,20161220220253921.jpg.chip.jpg
489,1_0_0_20170110213203795.jpg.chip.jpg,1_0_0_20170110213203795.jpg.chip.jpg,1,0,0,20170110213203795.jpg.chip.jpg
490,6_1_2_20161219141114464.jpg.chip.jpg,6_1_2_20161219141114464.jpg.chip.jpg,6,1,2,20161219141114464.jpg.chip.jpg
491,9_0_0_20170110220449969.jpg.chip.jpg,9_0_0_20170110220449969.jpg.chip.jpg,9,0,0,20170110220449969.jpg.chip.jpg
492,3_1_2_20161219205437357.jpg.chip.jpg,3_1_2_20161219205437357.jpg.chip.jpg,3,1,2,20161219205437357.jpg.chip.jpg
493,5_1_0_20170109193656512.jpg.chip.jpg,5_1_0_20170109193656512.jpg.chip.jpg,5,1,0,20170109193656512.jpg.chip.jpg
494,9_1_2_20161219192342173.jpg.chip.jpg,9_1_2_20161219192342173.jpg.chip.jpg,9,1,2,20161219192342173.jpg.chip.jpg
495,3_0_3_20161220222637579.jpg.chip.jpg,3_0_3_20161220222637579.jpg.chip.jpg,3,0,3,20161220222637579.jpg.chip.jpg
496,8_1_0_20170109205028805.jpg.chip.jpg,8_1_0_20170109205028805.jpg.chip.jpg,8,1,0,20170109205028805.jpg.chip.jpg
497,6_1_0_20170109205251485.jpg.chip.jpg,6_1_0_20170109205251485.jpg.chip.jpg,6,1,0,20170109205251485.jpg.chip.jpg
498,8_1_0_20170109201107015.jpg.chip.jpg,8_1_0_20170109201107015.jpg.chip.jpg,8,1,0,20170109201107015.jpg.chip.jpg
499,10_0_0_20170110220251986.jpg.chip.jpg,10_0_0_20170110220251986.jpg.chip.jpg,10,0,0,20170110220251986.jpg.chip.jpg
500,7_0_0_20170110215615139.jpg.chip.jpg,7_0_0_20170110215615139.jpg.chip.jpg,7,0,0,20170110215615139.jpg.chip.jpg
501,5_1_1_20170112210544957.jpg.chip.jpg,5_1_1_20170112210544957.jpg.chip.jpg,5,1,1,20170112210544957.jpg.chip.jpg
502,6_1_4_20161223232234756.jpg.chip.jpg,6_1_4_20161223232234756.jpg.chip.jpg,6,1,4,20161223232234756.jpg.chip.jpg
503,3_0_2_20161219141852353.jpg.chip.jpg,3_0_2_20161219141852353.jpg.chip.jpg,3,0,2,20161219141852353.jpg.chip.jpg
504,2_1_3_20161220222832003.jpg.chip.jpg,2_1_3_20161220222832003.jpg.chip.jpg,2,1,3,20161220222832003.jpg.chip.jpg
505,3_1_0_20170109191958848.jpg.chip.jpg,3_1_0_20170109191958848.jpg.chip.jpg,3,1,0,20170109191958848.jpg.chip.jpg
506,7_0_0_20170110225232046.jpg.chip.jpg,7_0_0_20170110225232046.jpg.chip.jpg,7,0,0,20170110225232046.jpg.chip.jpg
507,2_0_0_20170110212901886.jpg.chip.jpg,2_0_0_20170110212901886.jpg.chip.jpg,2,0,0,20170110212901886.jpg.chip.jpg
508,8_1_0_20170109204836782.jpg.chip.jpg,8_1_0_20170109204836782.jpg.chip.jpg,8,1,0,20170109204836782.jpg.chip.jpg
509,2_0_2_20161219200225291.jpg.chip.jpg,2_0_2_20161219200225291.jpg.chip.jpg,2,0,2,20161219200225291.jpg.chip.jpg
510,9_0_0_20170110220149298.jpg.chip.jpg,9_0_0_20170110220149298.jpg.chip.jpg,9,0,0,20170110220149298.jpg.chip.jpg
511,7_1_3_20161220222902435.jpg.chip.jpg,7_1_3_20161220222902435.jpg.chip.jpg,7,1,3,20161220222902435.jpg.chip.jpg
512,4_1_3_20161219230403672.jpg.chip.jpg,4_1_3_20161219230403672.jpg.chip.jpg,4,1,3,20161219230403672.jpg.chip.jpg
513,9_0_0_20170110224819698.jpg.chip.jpg,9_0_0_20170110224819698.jpg.chip.jpg,9,0,0,20170110224819698.jpg.chip.jpg
514,2_0_2_20161219194955267.jpg.chip.jpg,2_0_2_20161219194955267.jpg.chip.jpg,2,0,2,20161219194955267.jpg.chip.jpg
515,1_0_2_20161219221744255.jpg.chip.jpg,1_0_2_20161219221744255.jpg.chip.jpg,1,0,2,20161219221744255.jpg.chip.jpg
516,2_0_4_20170103205108602.jpg.chip.jpg,2_0_4_20170103205108602.jpg.chip.jpg,2,0,4,20170103205108602.jpg.chip.jpg
517,2_1_1_20170109194517710.jpg.chip.jpg,2_1_1_20170109194517710.jpg.chip.jpg,2,1,1,20170109194517710.jpg.chip.jpg
518,5_1_2_20161219142421601.jpg.chip.jpg,5_1_2_20161219142421601.jpg.chip.jpg,5,1,2,20161219142421601.jpg.chip.jpg
519,8_1_4_20170104005426863.jpg.chip.jpg,8_1_4_20170104005426863.jpg.chip.jpg,8,1,4,20170104005426863.jpg.chip.jpg
520,2_0_2_20161219203828132.jpg.chip.jpg,2_0_2_20161219203828132.jpg.chip.jpg,2,0,2,20161219203828132.jpg.chip.jpg
